Date,Adj_Close
2016-01-04,190.86033200126786
2016-01-05,191.0467797368601
2016-01-06,188.00146672218668
2016-01-07,180.04636333691727
2016-01-08,176.8146025866516
2016-01-11,177.622542774218
2016-01-12,177.9954382454025
2016-01-13,175.50946843750583
2016-01-14,180.60570654369403
2016-01-15,177.06319956744125
2016-01-19,177.06319956744125
2016-01-20,174.01788655276783
2016-01-21,177.68469201941542
2016-01-22,175.50946843750583
2016-01-25,174.26648353355748
2016-01-26,175.94451315388775
2016-01-27,174.01788655276783
2016-01-28,175.32302070191358
2016-01-29,180.85430352448373
2016-02-01,177.9954382454025
2016-02-02,175.50946843750583
2016-02-03,178.1818859809948
2016-02-04,181.35149748606304
2016-02-05,177.37394579342833
2016-02-08,175.07442372112394
2016-02-09,175.7580654182955
2016-02-10,175.88236390869034
2016-02-11,170.5996780669099
2016-02-12,175.6337669279007
2016-02-16,179.3627216397457
2016-02-17,182.34588540922172
2016-02-18,180.73000503408886
2016-02-19,180.35710956290436
2016-02-22,182.78093012560365
2016-02-23,181.6000944668527
2016-02-24,179.98421409171988
2016-02-25,181.66224371205013
2016-02-26,182.7187808804062
2016-02-29,181.10290050527337
2016-03-01,185.70194464988222
2016-03-02,187.56642200580475
2016-03-03,187.81501898659442
2016-03-04,189.30660087133242
2016-03-07,188.25006370297632
2016-03-08,186.82063106343574
2016-03-09,186.75848181823832
2016-03-10,186.07484012106676
2016-03-11,188.56080992896344
2016-03-14,188.1257652125815
2016-03-15,188.18791445777893
2016-03-16,187.50427276060734
2016-03-17,192.41406313120328
2016-03-18,192.16546615041364
2016-03-21,193.2220033187697
2016-03-22,193.03555558317746
2016-03-23,193.09770482837487
2016-03-24,193.34630180916454
2016-03-28,195.7079731266664
2016-03-29,195.64582388146897
2016-03-30,197.82104746337856
2016-03-31,197.5724504825889
2016-04-01,198.44253991535274
2016-04-04,194.09209275153356
2016-04-05,192.5383616215981
2016-04-06,192.04116766001877
2016-04-07,190.36313803968852
2016-04-08,191.35752596284718
2016-04-11,190.86033200126786
2016-04-12,191.481824453242
2016-04-13,192.5383616215981
2016-04-14,192.78695860238778
2016-04-15,192.8491078475852
2016-04-18,193.03555558317746
2016-04-19,193.5948987899542
2016-04-20,193.5948987899542
2016-04-21,192.5383616215981
2016-04-22,191.17107822725495
2016-04-25,190.6738842656756
2016-04-26,192.04116766001877
2016-04-27,192.22761539561102
2016-04-28,192.04116766001877
2016-04-29,191.10892898205753
2016-05-02,191.97901841482135
2016-05-03,190.36313803968852
2016-05-04,186.88278030863316
2016-05-05,185.76409389507967
2016-05-06,187.19352653462025
2016-05-09,185.63979540468483
2016-05-10,189.43089936172726
2016-05-11,188.56080992896344
2016-05-12,187.007078799028
2016-05-13,184.21036276514423
2016-05-16,186.1991386114616
2016-05-17,184.64540748152615
2016-05-18,184.02391502955197
2016-05-19,182.47018389961656
2016-05-20,183.71316880356488
2016-05-23,183.27812408718296
2016-05-24,185.51549691429
2016-05-25,187.007078799028
2016-05-26,186.57203408264607
2016-05-27,187.19352653462025
2016-05-31,187.87716823179184
2016-06-01,187.13137728942283
2016-06-02,186.75848181823832
2016-06-03,186.07484012106676
2016-06-06,187.19352653462025
2016-06-07,187.31782502501508
2016-06-08,188.37436219337116
2016-06-09,187.93931747698923
2016-06-10,186.6963325730409
2016-06-13,185.39119842389513
2016-06-14,189.1823023809376
2016-06-15,190.11454105889885
2016-06-16,190.42528728488594
2016-06-17,190.17669030409627
2016-06-20,191.60612294363685
2016-06-21,192.28976464080844
2016-06-22,191.2953767176498
2016-06-23,193.84349577074389
2016-06-24,185.32904917869774
2016-06-27,182.2215869188269
2016-06-28,186.07484012106676
2016-06-29,189.86594407810918
2016-06-30,195.64582388146897
2016-07-01,195.7079731266664
2016-07-05,195.45937614587672
2016-07-06,197.2617042566018
2016-07-07,197.75889821818114
2016-07-08,200.12056953568302
2016-07-11,200.18271878088044
2016-07-12,200.4934650068675
2016-07-13,201.11495745884167
2016-07-14,202.79298707917195
2016-07-15,204.34671820910737
2016-07-18,204.5331659446996
2016-07-19,204.65746443509445
2016-07-20,203.7252257571332
2016-07-21,202.54439009838228
2016-07-22,199.25048010291917
2016-07-25,196.64021180462765
2016-07-26,195.58367463627155
2016-07-27,194.40283897752064
2016-07-28,194.2163912419284
2016-07-29,193.5327495447568
2016-08-01,193.5948987899542
2016-08-02,192.97340633798004
2016-08-03,193.47060029955938
2016-08-04,193.71919728034905
2016-08-05,194.40283897752064
2016-08-08,194.3406897323232
2016-08-09,194.52713746791548
2016-08-10,194.3406897323232
2016-08-11,194.46498822271803
2016-08-12,194.15424199673095
2016-08-15,194.15424199673095
2016-08-16,193.84349577074389
2016-08-17,194.46498822271803
2016-08-18,195.33507765548188
2016-08-19,194.2163912419284
2016-08-22,194.6514359583103
2016-08-23,194.09209275153356
2016-08-24,194.0299435063361
2016-08-25,193.96779426113872
2016-08-26,194.09209275153356
2016-08-29,194.90003293909996
2016-08-30,194.96218218429738
2016-08-31,194.15424199673095
2016-09-01,193.90564501594127
2016-09-02,194.46498822271803
2016-09-06,192.97340633798004
2016-09-07,193.03555558317746
2016-09-08,192.91125709278262
2016-09-09,187.13137728942283
2016-09-12,189.49304860692467
2016-09-13,185.51549691429
2016-09-14,184.58325823632873
2016-09-15,184.89400446231582
2016-09-16,184.4589597459339
2016-09-19,182.90522861599848
2016-09-20,184.39681050073648
2016-09-21,185.51549691429
2016-09-22,186.6963325730409
2016-09-23,185.76409389507967
2016-09-26,183.58887031317005
2016-09-27,185.70194464988222
2016-09-28,185.82624314027706
2016-09-29,183.52672106797266
2016-09-30,184.0860642747494
2016-10-03,184.21036276514423
2016-10-04,183.34027333238038
2016-10-05,183.34027333238038
2016-10-06,181.9108406928398
2016-10-07,180.73000503408886
2016-10-10,179.3627216397457
2016-10-11,179.7356171109302
2016-10-12,179.61131862053534
2016-10-13,178.80337843296894
2016-10-14,179.54916937533795
2016-10-17,179.30057239454828
2016-10-18,180.1085125821147
2016-10-19,180.60570654369403
2016-10-20,180.66785578889144
2016-10-21,180.1085125821147
2016-10-24,179.7356171109302
2016-10-25,178.05758749059993
2016-10-26,179.42487088494312
2016-10-27,177.9332890002051
2016-10-28,181.6000944668527
2016-10-31,180.85430352448373
2016-11-01,179.48702013014054
2016-11-02,177.06319956744125
2016-11-03,175.7580654182955
2016-11-04,176.75245334145418
2016-11-07,182.15943767362947
2016-11-08,182.84307937080106
2016-11-09,184.1482135199468
2016-11-10,188.99585464534533
2016-11-11,190.86033200126786
2016-11-14,189.61734709731954
2016-11-15,191.10892898205753
2016-11-16,191.0467797368601
2016-11-17,191.35752596284718
2016-11-18,190.6117350204782
2016-11-21,191.85471992442655
2016-11-22,193.78134652554647
2016-11-23,194.77573444870512
2016-11-25,195.3972269006793
2016-11-28,194.2163912419284
2016-11-29,192.97340633798004
2016-11-30,191.17107822725495
2016-12-01,195.0864806746922
2016-12-02,194.77573444870512
2016-12-05,193.34630180916454
2016-12-06,193.71919728034905
2016-12-07,196.39161482383798
2016-12-08,195.95657010745606
2016-12-09,197.5103012373915
2016-12-12,198.00749519897082
2016-12-13,197.2617042566018
2016-12-14,195.7701223718638
2016-12-15,194.2785404871258
2016-12-16,197.32385350179922
2016-12-19,198.38039067015532
2016-12-20,200.43131576167008
2016-12-21,199.6855248193011
2016-12-22,197.75889821818114
2016-12-23,198.13179368936565
2016-12-27,198.2560921797605
2016-12-28,197.01310727581213
2016-12-29,197.07525652100958
2016-12-30,196.39161482383798
2017-01-03,196.95095803061474
2017-01-04,197.01310727581213
2017-01-05,195.89442086225864
2017-01-06,196.4537640690354
2017-01-09,195.52152539107414
2017-01-10,194.96218218429738
2017-01-11,195.58367463627155
2017-01-12,195.0864806746922
2017-01-13,194.90003293909996
2017-01-17,194.3406897323232
2017-01-18,194.09209275153356
2017-01-19,193.96779426113872
2017-01-20,189.74164558771434
2017-01-23,184.89400446231582
2017-01-24,186.44773559225123
2017-01-25,188.7472576645557
2017-01-26,188.4365114385686
2017-01-27,186.50988483744868
2017-01-30,186.1991386114616
2017-01-31,184.58325823632873
2017-02-01,184.5211089911313
2017-02-02,184.4589597459339
2017-02-03,184.58325823632873
2017-02-06,184.33466125553906
2017-02-07,183.71316880356488
2017-02-08,182.90522861599848
2017-02-09,183.89961653915714
2017-02-10,184.70755672672357
2017-02-13,186.6963325730409
2017-02-14,188.18791445777893
2017-02-15,188.62295917416085
2017-02-16,189.244451626135
2017-02-17,188.7472576645557
2017-02-21,189.67949634251693
2017-02-22,188.498660683766
2017-02-23,186.57203408264607
2017-02-24,187.62857125100217
2017-02-27,186.07484012106676
2017-02-28,185.2668999335003
2017-03-01,187.62857125100217
2017-03-02,187.62857125100217
2017-03-03,187.19352653462025
2017-03-06,186.44773559225123
2017-03-07,185.5776461594874
2017-03-08,185.2047506883029
2017-03-09,184.33466125553906
2017-03-10,188.18791445777893
2017-03-13,185.5776461594874
2017-03-14,183.58887031317005
2017-03-15,184.95615370751324
2017-03-16,184.89400446231582
2017-03-17,185.70194464988222
2017-03-20,184.8318552171184
2017-03-21,182.6566316352088
2017-03-22,183.52672106797266
2017-03-23,184.0860642747494
2017-03-24,184.70755672672357
2017-03-27,182.9673778611959
2017-03-28,184.0860642747494
2017-03-29,184.4589597459339
2017-03-30,185.63979540468483
2017-03-31,185.2047506883029
2017-04-03,185.70194464988222
2017-04-04,186.57203408264607
2017-04-05,186.26128785665898
2017-04-06,186.0126908758693
2017-04-07,186.38558634705382
2017-04-10,186.50988483744868
2017-04-11,186.6963325730409
2017-04-12,185.01830295271066
2017-04-13,183.71316880356488
2017-04-17,184.21036276514423
2017-04-18,185.45334766909258
2017-04-19,186.44773559225123
2017-04-20,188.1257652125815
2017-04-21,183.65101955836747
2017-04-24,183.65101955836747
2017-04-25,183.0295271063933
2017-04-26,181.84869144764238
2017-04-27,180.73000503408886
2017-04-28,180.1706618273121
2017-05-01,179.85991560132504
2017-05-02,180.1706618273121
2017-05-03,181.66224371205013
2017-05-04,181.47579597645787
2017-05-05,181.6000944668527
2017-05-08,180.66785578889144
2017-05-09,179.79776635612762
2017-05-10,178.36833371658702
2017-05-11,179.42487088494312
2017-05-12,175.69591617309808
2017-05-15,175.13657296632132
2017-05-16,174.26648353355748
2017-05-17,170.35108108612022
2017-05-18,170.78612580250214
2017-05-19,174.32863277875492
2017-05-22,175.13657296632132
2017-05-23,175.7580654182955
2017-05-24,172.96134938441173
2017-05-25,170.84827504769956
2017-05-26,170.5996780669099
2017-05-30,170.04033486013313
2017-05-31,170.16463335052796
2017-06-01,172.27770768724014
2017-06-02,173.27209561039882
2017-06-05,173.893588062373
2017-06-06,173.5828418363859
2017-06-07,172.02911070645047
2017-06-08,171.46976749967374
2017-06-09,173.64499108158333
2017-06-12,179.85991560132504
2017-06-13,176.8146025866516
2017-06-14,178.3061844713896
2017-06-15,179.85991560132504
2017-06-16,180.23281107250955
2017-06-19,178.9898261685612
2017-06-20,174.82582674033424
2017-06-21,172.65060315842464
2017-06-22,171.22117051888407
2017-06-23,171.3454690092789
2017-06-26,171.59406599006854
2017-06-27,169.1080961821719
2017-06-28,168.30015599460543
2017-06-29,167.92726052342095
2017-06-30,167.86511127822354
2017-07-03,170.5996780669099
2017-07-05,169.97818561493574
2017-07-06,163.51466411440433
2017-07-07,162.52027619124567
2017-07-10,161.83663449407408
2017-07-11,163.94970883078625
2017-07-12,165.1926937347346
2017-07-13,166.49782788388035
2017-07-14,166.43567863868296
2017-07-17,166.6842756194726
2017-07-18,167.11932033585452
2017-07-19,167.4300665618416
2017-07-20,165.8763354319062
2017-07-21,161.02869430650765
2017-07-24,158.04553053703162
2017-07-25,158.10767978222907
2017-07-26,159.0399184601903
2017-07-27,160.28290336413863
2017-07-28,158.6670229890058
2017-07-31,159.16421695058514
2017-08-01,158.10767978222907
2017-08-02,158.60487374380838
2017-08-03,160.0964556285464
2017-08-04,160.22075411894124
2017-08-07,159.28851544097998
2017-08-08,158.85347072459805
2017-08-09,159.78570940255932
2017-08-10,157.23759034946522
2017-08-11,156.61609789749104
2017-08-14,157.6104858206497
2017-08-15,156.24320242630654
2017-08-16,155.9946054455169
2017-08-17,153.81938186360728
2017-08-18,152.57639695965895
2017-08-21,152.20350148847442
2017-08-22,152.88714318564604
2017-08-23,151.58200903650027
2017-08-24,151.0226658297235
2017-08-25,152.20350148847442
2017-08-28,152.07920299807958
2017-08-29,151.89275526248736
2017-08-30,150.89836733932867
2017-08-31,152.57639695965895
2017-09-01,156.24320242630654
2017-09-05,153.8815311088047
2017-09-06,154.87591903196338
2017-09-07,149.28248696419584
2017-09-08,148.0395020602475
2017-09-11,147.4180096082733
2017-09-12,148.59884526702425
2017-09-13,149.84183017097257
2017-09-14,150.77406884893384
2017-09-15,148.72314375741908
2017-09-18,152.0170537528822
2017-09-19,150.40117337774933
2017-09-20,151.14696432011834
2017-09-21,153.81938186360728
2017-09-22,154.5651728059763
2017-09-25,156.05675469071429
2017-09-26,154.9380682771608
2017-09-27,151.45771054610543
2017-09-28,150.649770358539
2017-09-29,150.2768748873545
2017-10-02,152.70069545005376
2017-10-03,154.13012808959436
2017-10-04,152.14135224327703
2017-10-05,152.5142477144615
2017-10-06,151.58200903650027
2017-10-09,145.61568149754822
2017-10-10,145.1806367811663
2017-10-11,143.3783086704412
2017-10-12,143.25401018004638
2017-10-13,142.81896546366445
2017-10-16,145.1806367811663
2017-10-17,144.12409961281023
2017-10-18,143.6890548964283
2017-10-19,146.54792017550946
2017-10-20,148.1016513054449
2017-10-23,138.7171152806349
2017-10-24,136.04469773714598
2017-10-25,133.62087717444672
2017-10-26,132.50219076089323
2017-10-27,129.20828076543012
2017-10-30,126.84660944792826
2017-10-31,125.29287831799283
2017-11-01,124.422788885229
2017-11-02,123.92559492364967
2017-11-03,125.16857982759801
2017-11-06,125.10643058240058
2017-11-07,125.60362454397993
2017-11-08,125.04428133720317
2017-11-09,124.23634114963673
2017-11-10,127.34380340950759
2017-11-13,118.20786436548728
2017-11-14,111.24714890337657
2017-11-15,113.48452173048359
2017-11-16,113.42237248528617
2017-11-17,113.1737755044965
2017-11-20,111.74434286495591
2017-11-21,110.81210418699465
2017-11-22,112.800880033312
2017-11-24,113.04947701410168
2017-11-27,112.61443229771976
2017-11-28,114.41676040844484
2017-11-29,114.85180512482677
2017-11-30,113.67096946607583
2017-12-01,111.12285041298173
2017-12-04,111.55789512936366
2017-12-05,110.37705947061275
2017-12-06,109.75556701863857
2017-12-07,110.06631324462566
2017-12-08,110.06631324462566
2017-12-11,109.69341777344114
2017-12-12,111.30929814857399
2017-12-13,110.37705947061275
2017-12-14,109.63126852824374
2017-12-15,110.74995494179724
2017-12-18,110.37705947061275
2017-12-19,109.32052230225665
2017-12-20,108.4504328694928
2017-12-21,108.57473135988764
2017-12-22,108.76117909547989
2017-12-26,108.32613437909797
2017-12-27,108.01538815311088
2017-12-28,107.89108966271606
2017-12-29,108.4504328694928
2018-01-02,111.74434286495591
2018-01-03,112.800880033312
2018-01-04,115.16255135081386
2018-01-05,115.22470059601126
2018-01-08,113.60882022087843
2018-01-09,115.3489990864061
2018-01-10,117.64230623419078
2018-01-11,118.20786436548728
2018-01-12,116.59198399035445
2018-01-16,113.1737755044965
2018-01-17,107.82894041751864
2018-01-18,104.22428419606844
2018-01-19,101.05467269100018
2018-01-22,100.49532948422343
2018-01-23,104.97007513843745
2018-01-24,102.17335910455368
2018-01-25,100.55747872942084
2018-01-26,100.24673250343375
2018-01-29,101.17897118139501
2018-01-30,99.12804608988024
2018-01-31,100.49532948422343
2018-02-01,99.56309080626217
2018-02-02,97.20141948876032
2018-02-05,92.66452458934887
2018-02-06,94.90189741645588
2018-02-07,94.77759892606105
2018-02-08,89.80565931026767
2018-02-09,92.85097232494111
2018-02-12,92.10518138257211
2018-02-13,91.17294270461086
2018-02-14,92.60237534415145
2018-02-15,92.29162911816437
2018-02-16,93.5346140221127
2018-02-20,91.60798742099279
2018-02-21,90.05425629105736
2018-02-22,90.86219647862377
2018-02-23,90.05425629105736
2018-02-26,91.04864421421603
2018-02-27,90.11640553625477
2018-02-28,87.6925849735555
2018-03-01,87.13324176677874
2018-03-02,87.75473421875292
2018-03-05,89.61921157467543
2018-03-06,90.98649496901861
2018-03-07,90.17855478145218
2018-03-08,90.2407040266496
2018-03-09,92.85097232494111
2018-03-12,93.8453602480998
2018-03-13,89.68136081987285
2018-03-14,88.68697289671417
2018-03-15,89.24631610349093
2018-03-16,88.93556987750385
2018-03-19,87.44398799276584
2018-03-20,84.77157044927691
2018-03-21,86.26315233401492
2018-03-22,82.9692423385518
2018-03-23,81.22906347302413
2018-03-26,80.11037705947062
2018-03-27,83.52858554532855
2018-03-28,85.02016743006656
2018-03-29,83.77718252611822
2018-04-02,81.5398096990112
2018-04-03,81.60195894420863
2018-04-04,82.53419762216988
2018-04-05,83.46643630013114
2018-04-06,81.16691422782671
2018-04-09,79.73748158828612
2018-04-10,81.10476498262929
2018-04-11,80.60757102104996
2018-04-12,81.91270517019571
2018-04-13,83.83933177131564
2018-04-16,82.84494384815697
2018-04-17,85.70380912723815
2018-04-18,84.89586893967173
2018-04-19,86.9467940311865
2018-04-20,90.36500251704443
2018-04-23,90.2407040266496
2018-04-24,91.23509194980828
2018-04-25,87.319689502371
2018-04-26,89.37061459388576
2018-04-27,89.37061459388576
2018-04-30,87.44398799276584
2018-05-01,87.319689502371
2018-05-02,88.12762968993742
2018-05-03,86.573898560002
2018-05-04,87.63043572835808
2018-05-07,87.44398799276584
2018-05-08,88.68697289671417
2018-05-09,90.86219647862377
2018-05-10,91.29724119500568
2018-05-11,90.73789798822894
2018-05-14,91.42153968540053
2018-05-15,91.42153968540053
2018-05-16,93.41031553171787
2018-05-17,93.41031553171787
2018-05-18,93.03742006053338
2018-05-21,94.83974817125846
2018-05-22,95.02619590685072
2018-05-23,88.12762968993742
2018-05-24,90.73789798822894
2018-05-25,90.92434572382119
2018-05-29,88.12762968993742
2018-05-30,88.06548044474
2018-05-31,87.50613723796324
2018-06-01,87.63043572835808
2018-06-04,85.20661516565882
2018-06-05,85.76595837243558
2018-06-06,84.77157044927691
2018-06-07,85.64165988204073
2018-06-08,86.573898560002
2018-06-11,86.88464478598908
2018-06-12,86.88464478598908
2018-06-13,86.32530157921232
2018-06-14,84.77157044927691
2018-06-15,82.65849611256472
2018-06-18,82.03700366059054
2018-06-19,80.48327253065511
2018-06-20,80.0482278142732
2018-06-21,79.30243687190419
2018-06-22,81.10476498262929
2018-06-25,79.24028762670677
2018-06-26,85.39306290125107
2018-06-27,86.76034629559425
2018-06-28,85.95240610802783
2018-06-29,84.58512271368464
2018-07-02,83.09354082894663
2018-07-03,83.09354082894663
2018-07-05,83.46643630013114
2018-07-06,86.07670459842265
2018-07-09,86.69819705039683
2018-07-10,88.06548044474
2018-07-11,86.9467940311865
2018-07-12,86.9467940311865
2018-07-13,86.32530157921232
2018-07-16,86.38745082440974
2018-07-17,85.08231667526398
2018-07-18,85.45521214644849
2018-07-19,85.33091365605365
2018-07-20,81.5398096990112
2018-07-23,80.73186951144478
2018-07-24,81.5398096990112
2018-07-25,81.47766045381378
2018-07-26,81.72625743460347
2018-07-27,81.16691422782671
2018-07-30,81.78840667980089
2018-07-31,84.70942120407949
2018-08-01,82.28560064138021
2018-08-02,81.85055592499829
2018-08-03,81.66410818940605
2018-08-06,81.41551120861638
2018-08-07,81.78840667980089
2018-08-08,81.10476498262929
2018-08-09,80.4211232854577
2018-08-10,79.36458611710161
2018-08-13,77.37581027078426
2018-08-14,76.7543178188101
2018-08-15,75.94637763124368
2018-08-16,76.44357159282302
2018-08-17,76.44357159282302
2018-08-20,76.44357159282302
2018-08-21,78.49449668433778
2018-08-22,77.5001087611791
2018-08-23,77.93515347756102
2018-08-24,77.68655649677135
2018-08-27,79.36458611710161
2018-08-28,79.30243687190419
2018-08-29,80.60757102104996
2018-08-30,79.36458611710161
2018-08-31,80.4211232854577
2018-09-04,78.74309366512745
2018-09-05,78.05945196795585
2018-09-06,77.74870574196876
2018-09-07,77.06506404479718
2018-09-10,77.74870574196876
2018-09-11,76.63001932841526
2018-09-12,78.37019819394294
2018-09-13,78.99169064591712
2018-09-14,78.80524291032485
2018-09-17,78.92954140071969
2018-09-18,78.68094441993003
2018-09-19,79.92392932387837
2018-09-20,77.43795951598169
2018-09-21,75.63563140525659
2018-09-24,72.96321386176766
2018-09-25,70.04219933748905
2018-09-26,70.78799027985806
2018-09-27,71.65807971262188
2018-09-28,70.16649782788387
2018-10-01,75.13843744367725
2018-10-02,76.56787008321784
2018-10-03,77.56225800637652
2018-10-04,78.68094441993003
2018-10-05,81.91270517019571
2018-10-08,84.58512271368464
2018-10-09,84.21222724250015
2018-10-10,82.53419762216988
2018-10-11,79.05383989111454
2018-10-12,76.56787008321784
2018-10-15,75.51133291486175
2018-10-16,75.20058668887467
2018-10-17,75.75992989565142
2018-10-18,76.94076555440235
2018-10-19,78.05945196795585
2018-10-22,76.94076555440235
2018-10-23,78.86739215552227
2018-10-24,75.63563140525659
2018-10-25,73.33610933295216
2018-10-26,70.2286470730813
2018-10-29,69.35855764031746
2018-10-30,63.267931610970585
2018-10-31,62.77073764939125
2018-11-01,59.538976899125565
2018-11-02,57.736648788400466
2018-11-05,57.67449954320305
2018-11-06,58.54458897596689
2018-11-07,57.17730558162371
2018-11-08,56.55581312964954
2018-11-09,53.32405237938386
2018-11-12,49.65724691273625
2018-11-13,53.510500114976104
2018-11-14,51.70817200425101
2018-11-15,50.77593332628975
2018-11-16,49.843694648328494
2018-11-19,48.72500823477499
2018-11-20,47.54417257602407
2018-11-21,48.538560499182736
2018-11-23,47.04697861444473
2018-11-26,47.10912785964215
2018-11-27,46.23903842687831
2018-11-28,48.10351578280082
2018-11-29,49.34650068674917
2018-11-30,46.61193389806281
2018-12-03,48.538560499182736
2018-12-04,45.24465050371963
2018-12-06,45.67969522010155
2018-12-07,43.56662088338937
2018-12-10,43.069426921810035
2018-12-11,42.01288975345395
2018-12-12,41.70214352746686
2018-12-13,44.7474565421403
2018-12-14,44.12596409016613
2018-12-17,44.43671031615322
2018-12-18,45.24465050371963
2018-12-19,47.606321821221485
2018-12-20,46.23903842687831
2018-12-21,44.43671031615322
2018-12-24,43.00727767661262
2018-12-26,45.92829220089122
2018-12-27,45.182501258522215
2018-12-28,46.674083143260226
2018-12-31,47.04697861444473
2019-01-02,50.030142383920754
2019-01-03,50.09229162911817
2019-01-04,51.14882879747426
2019-01-07,54.31844030254253
2019-01-08,53.19975388898902
2019-01-09,52.826858417804516
2019-01-10,55.56142520649087
2019-01-11,55.56142520649087
2019-01-14,55.3128282257012
2019-01-15,54.256291057345116
2019-01-16,55.810022187280545
2019-01-17,56.804410110439214
2019-01-18,56.30721614885988
2019-01-22,53.82124634096319
2019-01-23,54.256291057345116
2019-01-24,54.56703728333219
2019-01-25,56.92870860083405
2019-01-28,55.49927596129345
2019-01-29,55.3128282257012
2019-01-30,56.55581312964954
2019-01-31,63.14363312057576
2019-02-01,63.330080856168
2019-02-04,63.454379346562845
2019-02-05,66.06464764485436
2019-02-06,65.07025972169569
2019-02-07,62.52214066860159
2019-02-08,60.96840953866616
2019-02-11,62.33569293300933
2019-02-12,62.02494670702225
2019-02-13,64.44876726972151
2019-02-14,62.397842178206744
2019-02-15,62.70858840419383
2019-02-19,62.95718538498351
2019-02-20,62.77073764939125
2019-02-21,62.33569293300933
2019-02-22,63.20578236577317
2019-02-25,67.24548330360528
2019-02-26,66.25109538044661
2019-02-27,67.61837877478979
2019-02-28,64.57306576011635
2019-03-01,63.82727481774734
2019-03-04,64.51091651491893
2019-03-05,61.4656035002455
2019-03-06,56.617962374846954
2019-03-07,58.731036711559135
2019-03-08,59.538976899125565
2019-03-11,61.52775274544291
2019-03-12,60.65766331267907
2019-03-13,62.273543687811916
2019-03-14,64.0137225533396
2019-03-15,61.90064821662742
2019-03-18,63.39223010136542
2019-03-19,63.330080856168
2019-03-20,63.51652859176026
2019-03-21,63.82727481774734
2019-03-22,62.02494670702225
2019-03-25,61.40345425504808
2019-03-26,62.77073764939125
2019-03-27,61.90064821662742
2019-03-28,61.4656035002455
2019-03-29,62.08709595221966
2019-04-01,62.77073764939125
2019-04-02,63.64082708215509
2019-04-03,62.77073764939125
2019-04-04,62.33569293300933
2019-04-05,62.2113944426145
2019-04-08,58.97963369234881
2019-04-09,57.301604072018556
2019-04-10,56.92870860083405
2019-04-11,56.68011162004437
2019-04-12,55.93432067767537
2019-04-15,55.810022187280545
2019-04-16,56.804410110439214
2019-04-17,56.68011162004437
2019-04-18,58.10954425958497
2019-04-22,57.92309652399272
2019-04-23,57.985245769190136
2019-04-24,57.92309652399272
2019-04-25,56.68011162004437
2019-04-26,59.47682765392815
2019-04-29,60.471215577086824
2019-04-30,63.20578236577317
2019-05-01,62.77073764939125
2019-05-02,63.70297632735251
2019-05-03,65.25670745728793
2019-05-06,64.82166274090602
2019-05-07,62.83288689458867
2019-05-08,63.14363312057576
2019-05-09,62.397842178206744
2019-05-10,62.95718538498351
2019-05-13,61.34130500985066
2019-05-14,64.13802104373443
2019-05-15,63.76512557254993
2019-05-16,62.95718538498351
2019-05-17,62.14924519741708
2019-05-20,61.40345425504808
2019-05-21,61.90064821662742
2019-05-22,61.52775274544291
2019-05-23,59.41467840873073
2019-05-24,58.731036711559135
2019-05-28,58.17169350478238
2019-05-29,58.2338427499798
2019-05-30,58.85533520195398
2019-05-31,58.668887466361724
2019-06-03,59.22823067313848
2019-06-04,62.14924519741708
2019-06-05,61.4656035002455
2019-06-06,61.652051235837746
2019-06-07,62.02494670702225
2019-06-10,62.45999142340417
2019-06-11,62.89503613978608
2019-06-12,63.889424062944755
2019-06-13,64.07587179853701
2019-06-14,63.578677836957674
2019-06-17,62.45999142340417
2019-06-18,64.7595134957086
2019-06-19,64.26231953412926
2019-06-20,66.06464764485436
2019-06-21,65.13240896689311
2019-06-24,63.889424062944755
2019-06-25,63.51652859176026
2019-06-26,63.82727481774734
2019-06-27,64.63521500531377
2019-06-28,65.25670745728793
2019-07-01,66.06464764485436
2019-07-02,66.00249839965693
2019-07-03,65.94034915445953
2019-07-05,65.25670745728793
2019-07-08,63.39223010136542
2019-07-09,63.70297632735251
2019-07-10,63.39223010136542
2019-07-11,62.83288689458867
2019-07-12,64.44876726972151
2019-07-15,63.82727481774734
2019-07-16,64.51091651491893
2019-07-17,62.02494670702225
2019-07-18,62.52214066860159
2019-07-19,62.397842178206744
2019-07-22,63.454379346562845
2019-07-23,66.1889461352492
2019-07-24,66.37539387084144
2019-07-25,64.82166274090602
2019-07-26,65.31885670248535
2019-07-29,64.51091651491893
2019-07-30,65.38100594768277
2019-07-31,64.94596123130084
2019-08-01,62.646439158996415
2019-08-02,62.14924519741708
2019-08-05,60.0361708607049
2019-08-06,59.47682765392815
2019-08-07,58.79318595675657
2019-08-08,58.97963369234881
2019-08-09,56.86655935563663
2019-08-12,56.24506690366246
2019-08-13,58.10954425958497
2019-08-14,56.12076841326762
2019-08-15,49.781545403131084
2019-08-16,54.62918652852961
2019-08-19,53.88339558616061
2019-08-20,52.08106747543552
2019-08-21,50.71378408109234
2019-08-22,50.90023181668459
2019-08-23,49.53294842234141
2019-08-26,50.030142383920754
2019-08-27,49.28435144155174
2019-08-28,49.34650068674917
2019-08-29,50.40303785510525
2019-08-30,51.273127287869094
2019-09-03,51.77032124944843
2019-09-04,54.69133577372703
2019-09-05,54.75348501892445
2019-09-06,54.13199256695028
2019-09-09,55.68572369688571
2019-09-10,56.804410110439214
2019-09-11,58.17169350478238
2019-09-12,57.55020105280821
2019-09-13,58.047395014387554
2019-09-16,58.295991995177225
2019-09-17,58.17169350478238
2019-09-18,58.295991995177225
2019-09-19,58.54458897596689
2019-09-20,58.2338427499798
2019-09-23,58.047395014387554
2019-09-24,55.74787294208313
2019-09-25,56.92870860083405
2019-09-26,56.0586191680702
2019-09-27,56.18291765846504
2019-09-30,55.56142520649087
2019-10-01,53.510500114976104
2019-10-02,52.889007663001934
2019-10-03,54.13199256695028
2019-10-04,53.26190313418644
2019-10-07,53.19975388898902
2019-10-08,51.45957502346134
2019-10-09,51.89461973984326
2019-10-10,52.51611219181743
2019-10-11,54.69133577372703
2019-10-14,54.1941418121477
2019-10-15,55.250678980503785
2019-10-16,55.3128282257012
2019-10-17,56.18291765846504
2019-10-18,55.68572369688571
2019-10-21,54.62918652852961
2019-10-22,56.30721614885988
2019-10-23,56.804410110439214
2019-10-24,55.623574451688285
2019-10-25,55.93432067767537
2019-10-28,56.3693653940573
2019-10-29,56.3693653940573
2019-10-30,62.83288689458867
2019-10-31,62.02494670702225
2019-11-01,64.51091651491893
2019-11-04,67.92912500077686
2019-11-05,68.17772198156655
2019-11-06,68.48846820755362
2019-11-07,70.16649782788387
2019-11-08,71.59593046742448
2019-11-11,70.53939329906838
2019-11-12,70.9744380154503
2019-11-13,70.16649782788387
2019-11-14,70.16649782788387
2019-11-15,71.59593046742448
2019-11-18,71.09873650584514
2019-11-19,71.47163197702965
2019-11-20,70.78799027985806
2019-11-21,71.65807971262188
2019-11-22,71.78237820301673
2019-11-25,71.96882593860899
2019-11-26,70.53939329906838
2019-11-27,70.16649782788387
2019-11-29,70.04219933748905
2019-12-02,69.35855764031746
2019-12-03,68.30202047196137
2019-12-04,67.74267726518462
2019-12-05,67.05903556801303
2019-12-06,68.98566216913295
2019-12-09,68.30202047196137
2019-12-10,68.4263189623562
2019-12-11,68.17772198156655
2019-12-12,71.09873650584514
2019-12-13,70.47724405387098
2019-12-16,69.42070688551487
2019-12-17,68.98566216913295
2019-12-18,68.11557273636913
2019-12-19,68.61276669794846
2019-12-20,68.55061745275104
2019-12-23,69.35855764031746
2019-12-24,69.54500537590971
2019-12-26,69.79360235669938
2019-12-27,69.48285613071229
2019-12-30,68.86136367873813
2019-12-31,69.35855764031746
2020-01-02,74.14404952051858
2020-01-03,74.39264650130825
2020-01-06,75.44918366966434
2020-01-07,74.88984046288759
2020-01-08,74.206198765716
2020-01-09,74.01975103012374
2020-01-10,72.52816914538573
2020-01-13,75.3248851792695
2020-01-14,74.76554197249274
2020-01-15,73.77115404933407
2020-01-16,73.58470631374182
2020-01-17,73.39825857814958
2020-01-21,72.46601990018831
2020-01-22,70.66369178946321
2020-01-23,73.1496615973599
2020-01-24,72.7767661261754
2020-01-27,71.09873650584514
2020-01-28,72.90106461657024
2020-01-29,80.4211232854577
2020-01-30,79.11598913631195
2020-01-31,77.37581027078426
2020-02-03,76.19497461203333
2020-02-04,78.18375045835069
2020-02-05,79.92392932387837
2020-02-06,80.48327253065511
2020-02-07,79.73748158828612
2020-02-10,80.23467554986546
2020-02-11,79.86178007868095
2020-02-12,81.78840667980089
2020-02-13,80.4211232854577
2020-02-14,79.73748158828612
2020-02-18,79.24028762670677
2020-02-19,78.37019819394294
2020-02-20,77.8730042323636
2020-02-21,76.13282536683593
2020-02-24,73.70900480413665
2020-02-25,70.35294556347614
2020-02-26,68.0534234911717
2020-02-27,64.57306576011635
2020-02-28,67.61837877478979
2020-03-02,69.66930386630456
2020-03-03,67.61837877478979
2020-03-04,68.0534234911717
2020-03-05,62.646439158996415
2020-03-06,58.42029048557206
2020-03-09,51.02453030707943
2020-03-10,55.002081999714115
2020-03-11,51.02453030707943
2020-03-12,44.93390427773255
2020-03-13,48.78715747997241
2020-03-16,41.39139730147978
2020-03-17,44.00166559977129
2020-03-18,41.01850183029527
2020-03-19,40.27271088792627
2020-03-20,40.52130786871594
2020-03-23,37.97318881562184
2020-03-24,43.56662088338937
2020-03-25,46.98482936924731
2020-03-26,50.465187100302664
2020-03-27,47.357724840431814
2020-03-30,49.03575446076208
2020-03-31,49.34650068674917
2020-04-01,43.75306861898162
2020-04-02,42.88297918621779
2020-04-03,41.8264420178617
2020-04-06,44.93390427773255
2020-04-07,43.69091937378421
2020-04-08,45.36894899411447
2020-04-09,44.37456107095579
2020-04-13,43.62877012858679
2020-04-14,43.069426921810035
2020-04-15,40.3970093783211
2020-04-16,38.78112900318826
2020-04-17,42.51008371503328
2020-04-20,40.45915862351852
2020-04-21,40.27271088792627
2020-04-22,39.961964661939184
2020-04-23,40.52130786871594
2020-04-24,38.90542749358309
2020-04-27,39.961964661939184
2020-04-28,42.26148673424361
2020-04-29,40.89420333990044
2020-04-30,42.26148673424361
2020-05-01,40.3970093783211
2020-05-04,38.59468126759601
2020-05-05,38.53253202239859
2020-05-06,37.165248628055416
2020-05-07,37.97318881562184
2020-05-08,39.09187522917534
2020-05-11,38.47038277720117
2020-05-12,37.28954711845025
2020-05-13,35.98441296930449
2020-05-14,35.425069762527734
2020-05-15,34.119935613381976
2020-05-18,38.96757673878051
2020-05-19,38.59468126759601
2020-05-20,39.89981541674177
2020-05-21,40.27271088792627
2020-05-22,39.83766617154435
2020-05-26,42.26148673424361
2020-05-27,45.30679974891705
2020-05-28,42.13718824384878
2020-05-29,40.832054094703025
2020-06-01,42.01288975345395
2020-06-02,43.81521786417904
2020-06-03,45.741844465298975
2020-06-04,48.10351578280082
2020-06-05,48.97360521556466
2020-06-08,52.57826143701486
2020-06-09,49.843694648328494
2020-06-10,47.2955755952344
2020-06-11,43.19372541220487
2020-06-12,45.05820276812739
2020-06-15,44.99605352292997
2020-06-16,46.425486162470555
2020-06-17,44.99605352292997
2020-06-18,45.24465050371963
2020-06-19,44.43671031615322
2020-06-22,43.75306861898162
2020-06-23,43.50447163819196
2020-06-24,40.583457113913354
2020-06-25,41.515695791874606
2020-06-26,40.27271088792627
2020-06-29,42.26148673424361
2020-06-30,42.447934469835864
2020-07-01,41.88859126305911
2020-07-02,42.385785224638454
2020-07-06,43.50447163819196
2020-07-07,42.01288975345395
2020-07-08,42.63438220542812
2020-07-09,40.89420333990044
2020-07-10,41.57784503707203
2020-07-13,41.63999428226945
2020-07-14,42.75868069582295
2020-07-15,44.37456107095579
2020-07-16,43.81521786417904
2020-07-17,43.939516354573875
2020-07-20,42.696531450625535
2020-07-21,43.75306861898162
2020-07-22,43.87736710937646
2020-07-23,43.75306861898162
2020-07-24,42.63438220542812
2020-07-27,41.70214352746686
2020-07-28,42.820829941020364
2020-07-29,40.956352585097854
2020-07-30,38.90542749358309
2020-07-31,37.72459183483217
2020-08-03,37.97318881562184
2020-08-04,38.159636551214085
2020-08-05,39.77551692634693
2020-08-06,39.340472209965014
2020-08-07,39.77551692634693
2020-08-10,41.453546546677195
2020-08-11,41.8264420178617
2020-08-12,41.76429277266428
2020-08-13,41.01850183029527
2020-08-14,41.39139730147978
2020-08-17,40.21056164272885
2020-08-18,40.0241139071366
2020-08-19,39.651218435952096
2020-08-20,38.96757673878051
2020-08-21,39.21617371957018
2020-08-24,41.204949565887524
2020-08-25,40.956352585097854
2020-08-26,40.27271088792627
2020-08-27,40.27271088792627
2020-08-28,41.08065107549269
2020-08-31,39.402621455162425
2020-09-01,38.47038277720117
2020-09-02,40.0241139071366
2020-09-03,39.2783229647676
2020-09-04,39.89981541674177
2020-09-08,38.159636551214085
2020-09-09,38.28393504160892
2020-09-10,37.28954711845025
2020-09-11,36.97880089246316
2020-09-14,38.22178579641151
2020-09-15,37.911039570424414
2020-09-16,41.95074050825653
2020-09-17,43.81521786417904
2020-09-18,42.75868069582295
2020-09-21,39.46477070035984
2020-09-22,38.84327824838567
2020-09-23,37.97318881562184
2020-09-24,37.66244258963475
2020-09-25,37.97318881562184
2020-09-28,38.53253202239859
2020-09-29,38.03533806081926
2020-09-30,38.718979757990844
2020-10-01,38.78112900318826
2020-10-02,39.71336768114951
2020-10-05,39.83766617154435
2020-10-06,38.34608428680634
2020-10-07,39.21617371957018
2020-10-08,41.32924805628236
2020-10-09,42.51008371503328
2020-10-12,42.447934469835864
2020-10-13,41.76429277266428
2020-10-14,42.385785224638454
2020-10-15,42.696531450625535
2020-10-16,45.30679974891705
2020-10-19,45.30679974891705
2020-10-20,45.61754597490414
2020-10-21,45.493247484509304
2020-10-22,47.979217292405984
2020-10-23,47.41987408562923
2020-10-26,45.8661429556938
2020-10-27,44.12596409016613
2020-10-28,46.114739936483474
2020-10-29,45.80399371049639
2020-10-30,46.114739936483474
2020-11-02,46.736232388457644
2020-11-03,48.78715747997241
2020-11-04,48.78715747997241
2020-11-05,49.65724691273625
2020-11-06,50.27873936471042
2020-11-09,54.1941418121477
2020-11-10,55.810022187280545
2020-11-11,55.250678980503785
2020-11-12,54.44273879293736
2020-11-13,57.4880518076108
2020-11-16,59.47682765392815
2020-11-17,60.160469351099735
2020-11-18,60.471215577086824
2020-11-19,60.0361708607049
2020-11-20,60.65766331267907
2020-11-23,62.584289913799005
2020-11-24,64.94596123130084
2020-11-25,65.25670745728793
2020-11-27,64.63521500531377
2020-11-30,63.267931610970585
2020-12-01,63.08148387537834
2020-12-02,64.82166274090602
2020-12-03,65.87819990926211
2020-12-04,67.61837877478979
2020-12-07,67.49408028439494
2020-12-08,68.11557273636913
2020-12-09,70.78799027985806
2020-12-10,70.35294556347614
2020-12-11,69.35855764031746
2020-12-14,67.3076325488027
2020-12-15,69.04781141433037
2020-12-16,67.92912500077686
2020-12-17,67.61837877478979
2020-12-18,67.18333405840787
2020-12-21,66.9347370776182
2020-12-22,65.94034915445953
2020-12-23,67.49408028439494
2020-12-24,66.1889461352492
2020-12-28,66.12679689005178
2020-12-29,65.62960292847244
2020-12-30,66.5618416064337
2020-12-31,67.12118481321045
2021-01-04,65.07025972169569
2021-01-05,66.9347370776182
2021-01-06,70.6015425442658
2021-01-07,70.04219933748905
2021-01-08,70.47724405387098
2021-01-11,71.16088575104256
2021-01-12,73.21181084255731
2021-01-13,71.90667669341157
2021-01-14,72.46601990018831
2021-01-15,70.41509480867356
2021-01-19,71.03658726064772
2021-01-20,70.78799027985806
2021-01-21,68.79921443354071
2021-01-22,69.04781141433037
2021-01-25,68.30202047196137
2021-01-26,70.16649782788387
2021-01-27,70.72584103466065
2021-01-28,68.92351292393555
2021-01-29,66.37539387084144
2021-02-01,66.74828934202594
2021-02-02,69.8557516018968
2021-02-03,69.60715462110713
2021-02-04,71.16088575104256
2021-02-05,70.85013952505547
2021-02-08,72.15527367420123
2021-02-09,71.7202289578193
2021-02-10,70.85013952505547
2021-02-11,71.22303499623997
2021-02-12,72.90106461657024
2021-02-16,74.39264650130825
2021-02-17,73.70900480413665
2021-02-18,72.27957216459608
2021-02-19,74.70339272729532
2021-02-22,77.68655649677135
2021-02-23,78.2458997035481
2021-02-24,81.5398096990112
2021-02-25,79.30243687190419
2021-02-26,77.93515347756102
2021-03-01,81.47766045381378
2021-03-02,80.66972026624737
2021-03-03,83.52858554532855
2021-03-04,84.33652573289498
2021-03-05,84.52297346848722
2021-03-08,88.06548044474
2021-03-09,87.00894327638392
2021-03-10,82.34774988657763
2021-03-11,76.25712385723075
2021-03-12,78.18375045835069
2021-03-15,82.9692423385518
2021-03-16,81.72625743460347
2021-03-17,84.58512271368464
2021-03-18,82.34774988657763
2021-03-19,82.16130215098538
2021-03-22,81.60195894420863
2021-03-23,78.68094441993003
2021-03-24,77.68655649677135
2021-03-25,79.86178007868095
2021-03-26,80.73186951144478
2021-03-29,80.48327253065511
2021-03-30,82.65849611256472
2021-03-31,81.60195894420863
2021-04-01,82.53419762216988
2021-04-05,83.6528840357234
2021-04-06,83.2799885645389
2021-04-07,83.21783931934148
2021-04-08,83.59073479052597
2021-04-09,84.52297346848722
2021-04-12,84.46082422328982
2021-04-13,83.52858554532855
2021-04-14,85.02016743006656
2021-04-15,84.21222724250015
2021-04-16,83.21783931934148
2021-04-19,83.6528840357234
2021-04-20,81.16691422782671
2021-04-21,82.9692423385518
2021-04-22,83.3421378097363
2021-04-23,84.21222724250015
2021-04-26,84.33652573289498
2021-04-27,83.83933177131564
2021-04-28,82.03700366059054
2021-04-29,82.09915290578797
2021-04-30,81.5398096990112
2021-05-03,83.59073479052597
2021-05-04,81.5398096990112
2021-05-05,82.09915290578797
2021-05-06,82.09915290578797
2021-05-07,82.65849611256472
2021-05-10,82.9692423385518
2021-05-11,81.35336196341896
2021-05-12,79.6753323430887
2021-05-13,80.60757102104996
2021-05-14,82.40989913177505
2021-05-17,81.72625743460347
2021-05-18,80.60757102104996
2021-05-19,81.35336196341896
2021-05-20,81.16691422782671
2021-05-21,82.2234513961828
2021-05-24,81.91270517019571
2021-05-25,81.5398096990112
2021-05-26,83.2799885645389
2021-05-27,89.18416685829351
2021-05-28,87.38183874756842
2021-06-01,87.94118195434517
2021-06-02,87.56828648316066
2021-06-03,87.56828648316066
2021-06-04,86.76034629559425
2021-06-07,86.44960006960716
2021-06-08,86.38745082440974
2021-06-09,85.33091365605365
2021-06-10,84.70942120407949
2021-06-11,85.08231667526398
2021-06-14,83.7150332809208
2021-06-15,84.15007799730272
2021-06-16,83.52858554532855
2021-06-17,80.7940187566422
2021-06-18,79.42673536229903
2021-06-21,81.97485441539312
2021-06-22,80.98046649223446
2021-06-23,80.48327253065511
2021-06-24,81.72625743460347
2021-06-25,81.78840667980089
2021-06-28,80.11037705947062
2021-06-29,81.35336196341896
2021-06-30,83.6528840357234
2021-07-01,83.77718252611822
2021-07-02,83.03139158374921
2021-07-06,80.29682479506288
2021-07-07,80.66972026624737
2021-07-08,79.98607856907577
2021-07-09,81.78840667980089
2021-07-12,81.47766045381378
2021-07-13,80.11037705947062
2021-07-14,79.61318309789128
2021-07-15,79.30243687190419
2021-07-16,77.99730272275845
2021-07-19,74.5790942369005
2021-07-20,78.92954140071969
2021-07-21,81.29121271822154
2021-07-22,78.92954140071969
2021-07-23,78.99169064591712
2021-07-26,80.29682479506288
2021-07-27,81.29121271822154
2021-07-28,81.60195894420863
2021-07-29,82.5963468673673
2021-07-30,80.48327253065511
2021-08-02,78.15249369380848
2021-08-03,80.06357852966106
2021-08-04,79.94704896649931
2021-08-05,80.03250397948459
2021-08-06,81.19779961110201
2021-08-09,80.5685399700286
2021-08-10,82.40970706798413
2021-08-11,82.37863251780767
2021-08-12,82.75152711992524
2021-08-13,81.50854511286666
2021-08-16,80.28886901844042
2021-08-17,78.94489472330834
2021-08-18,78.78175333488188
2021-08-19,77.23579446360277
2021-08-20,77.72521862888209
2021-08-23,78.43993328294077
2021-08-24,80.22671991808748
2021-08-25,81.3376350868961
2021-08-26,80.31217493107276
2021-08-27,82.41747570552825
2021-08-30,81.71829832655779
2021-08-31,81.88920835252834
2021-09-01,80.52969678230802
2021-09-02,82.54954254377823
2021-09-03,81.37647827461669
2021-09-07,80.24225719317573
2021-09-08,79.69068392754347
2021-09-09,80.24225719317573
2021-09-10,79.24010294998475
2021-09-13,81.15118778583731
2021-09-14,77.98158366783792
2021-09-15,79.3644011506906
2021-09-16,78.72737287207308
2021-09-17,78.05150140573497
2021-09-20,77.53877132782331
2021-09-21,75.21594870213256
2021-09-22,76.55215435972056
2021-09-23,79.98589215421988
2021-09-24,80.63845770792564
2021-09-27,81.84259652726365
2021-09-28,82.13780475394007
2021-09-29,82.56507981886645
2021-09-30,80.0402726170287
2021-10-01,82.2077224918371
2021-10-04,81.49300783777844
2021-10-05,81.49300783777844
2021-10-06,81.05019549776381
2021-10-07,81.96689472796952
2021-10-08,81.35317236198433
2021-10-11,80.8559795591609
2021-10-12,79.7994448531611
2021-10-13,79.51977390157292
2021-10-14,79.81498212824933
2021-10-15,81.11234459811674
2021-10-18,80.88705410933737
2021-10-19,81.36094099952845
2021-10-20,82.3475579676312
2021-10-21,80.1334962675581
2021-10-22,80.83267364652855
2021-10-25,81.80375333954306
2021-10-26,83.46624177398392
2021-10-27,80.67730089564623
2021-10-28,81.77267878936661
2021-10-29,81.46970192514608
2021-11-01,82.52623663114588
2021-11-02,82.88359395817521
2021-11-03,82.32425205499885
2021-11-04,81.73383560164602
2021-11-05,84.47616465471903
2021-11-08,84.22756825330731
2021-11-09,86.45716722846865
2021-11-10,84.64707468068957
2021-11-11,83.12442172204281
2021-11-12,83.58277133714567
2021-11-15,82.86805668308699
2021-11-16,80.28886901844042
2021-11-17,79.23233431244061
2021-11-18,78.20687415661729
2021-11-19,77.65530089098505
2021-11-22,78.4943137457496
2021-11-23,79.30225205033767
2021-11-24,79.41878161349942
2021-11-26,76.00834973163242
2021-11-29,76.44339343410293
2021-11-30,73.79428803155932
2021-12-01,72.2483291602802
2021-12-02,73.98073533261811
2021-12-03,72.06965049676553
2021-12-06,74.58668906105918
2021-12-07,75.78305924285306
2021-12-08,76.35016978357353
2021-12-09,76.0005810940883
2021-12-10,75.31694099020609
2021-12-13,72.3493214483537
2021-12-14,71.55692041885386
2021-12-15,71.53361450622151
2021-12-16,71.88320319570674
2021-12-17,71.04419034094221
2021-12-20,69.90220062195714
2021-12-21,72.2949409855449
2021-12-22,72.30270962308902
2021-12-23,73.02519291469181
2021-12-27,73.50684844242703
2021-12-28,74.03511579542692
2021-12-29,73.638915280677
2021-12-30,73.56899754277995
2021-12-31,73.39031887926528
2022-01-03,74.76536772457384
2022-01-04,77.1969512758822
2022-01-05,77.1969512758822
2022-01-06,77.64753225344093
2022-01-07,78.77398469733778
2022-01-10,77.23579446360277
2022-01-11,79.0769615615583
2022-01-12,79.42655025104352
2022-01-13,79.59746027701408
2022-01-14,80.14126490510222
2022-01-18,79.93151169141107
2022-01-19,78.16803096889672
2022-01-20,76.32686387094118
2022-01-21,74.81197954983853
2022-01-24,75.28586644002962
2022-01-25,70.78005666444226
2022-01-26,69.38947054404545
2022-01-27,69.84005152160421
2022-01-28,71.54915178130975
2022-01-31,73.3980875168094
2022-02-01,76.0938047446177
2022-02-02,76.16372248251476
2022-02-03,76.38124433374999
2022-02-04,76.91728032429401
2022-02-07,77.60868906572036
2022-02-08,77.1503394506175
2022-02-09,77.1037276253528
2022-02-10,76.74637029832346
2022-02-11,75.2237173396767
2022-02-14,75.04503867616201
2022-02-15,78.4010900952202
2022-02-16,78.78175333488188
2022-02-17,76.49000525936762
2022-02-18,72.00750139641261
2022-02-22,73.14172247785356
2022-02-23,71.97642684623614
2022-02-24,71.89097183325087
2022-02-25,74.86636001264735
2022-02-28,74.19825718385336
2022-03-01,71.72783044482442
2022-03-02,73.14949111539768
2022-03-03,71.82105409535382
2022-03-04,69.24963506825137
2022-03-07,66.3286273516637
2022-03-08,68.48053995138388
2022-03-09,70.88881759005987
2022-03-10,70.95096669041281
2022-03-11,71.68898725710385
2022-03-14,71.82105409535382
2022-03-15,71.74336771991265
2022-03-16,73.56899754277995
2022-03-17,74.21379445894159
2022-03-18,74.2604062842063
2022-03-21,73.66222119330934
2022-03-22,73.72437029366228
2022-03-23,72.79213378836833
2022-03-24,73.11841656522122
2022-03-25,73.04073018978005
2022-03-28,71.47146540586859
2022-03-29,73.53015435505938
2022-03-30,73.47577389225056
2022-03-31,71.08303352866278
2022-04-01,71.85212864553027
2022-04-04,71.48700268095682
2022-04-05,69.99542427248652
2022-04-06,69.84782015914831
2022-04-07,69.49823146966308
2022-04-08,69.71575332089833
2022-04-11,69.66137285808952
2022-04-12,69.91773789704536
2022-04-13,70.50038571285407
2022-04-14,70.562534813207
2022-04-18,70.22848339881001
2022-04-19,71.39377903042744
2022-04-20,71.00534715322162
2022-04-21,71.25394355463334
2022-04-22,69.19525460544256
2022-04-25,69.82451424651596
2022-04-26,62.607449968032064
2022-04-27,60.75851423253241
2022-04-28,60.385619630414844
2022-04-29,57.91519289138591
2022-05-02,58.69205664579752
2022-05-03,60.33123916760603
2022-05-04,62.483151767326206
2022-05-05,61.053722459208835
2022-05-06,60.774051507620655
2022-05-09,56.687748159415555
2022-05-10,56.95188183591551
2022-05-11,56.2760103695774
2022-05-12,56.928575923283155
2022-05-13,58.30362476859171
2022-05-16,57.97734199173883
2022-05-17,59.3523908370474
2022-05-18,58.42015433175346
2022-05-19,58.839660759135725
2022-05-20,58.45899751947404
2022-05-23,58.62213890790047
2022-05-24,57.891886978753554
2022-05-25,57.89965561629767
2022-05-26,59.826277727238484
2022-05-27,61.18578929745881
2022-05-31,60.82066333288535
2022-06-01,60.2224782419884
2022-06-02,60.59537284410598
2022-06-03,59.795203177062014
2022-06-06,59.818509089694366
2022-06-07,60.59537284410598
2022-06-08,59.94280729040022
2022-06-09,58.09387155490058
2022-06-10,55.336005226739346
2022-06-13,52.60921344875457
2022-06-14,52.86557848771041
2022-06-15,53.681285429842596
2022-06-16,50.721434525534356
2022-06-17,51.2730077911666
2022-06-21,51.07879185256369
2022-06-22,50.13878670972564
2022-06-23,49.77366074515218
2022-06-24,52.11202064593114
2022-06-27,51.82458105679884
2022-06-28,51.1797841406372
2022-06-29,49.47845251847576
2022-06-30,49.462915243387535
2022-07-01,49.36192295531402
2022-07-05,48.188858686152486
2022-07-06,47.831501359123145
2022-07-07,48.942416527931755
2022-07-08,49.13663246653466
2022-07-11,48.09563503562309
2022-07-12,48.95795380301999
2022-07-13,48.17332141106425
2022-07-14,47.45860675700557
2022-07-15,48.833655602314124
2022-07-18,49.47068388093165
2022-07-19,51.84788696943119
2022-07-20,52.74128028700455
2022-07-21,52.927727588063334
2022-07-22,52.97433941332803
2022-07-25,53.10640625157801
2022-07-26,55.5535270779746
2022-07-27,55.60790754078341
2022-07-28,56.81981499766553
2022-07-29,57.41800008856247
2022-08-01,58.88627258440042
2022-08-02,57.767588778047696
2022-08-03,58.06279700472411
2022-08-04,57.23155278750369
2022-08-05,57.767588778047696
2022-08-08,58.40461705666523
2022-08-09,58.21040111806232
2022-08-10,59.92727001531199
2022-08-11,61.294550223076435
2022-08-12,62.0947198901204
2022-08-15,62.001496239591006
2022-08-16,62.98034457014963
2022-08-17,62.08695125257628
2022-08-18,61.53537798694403
2022-08-19,60.37785099287073
2022-08-22,58.09387155490058
2022-08-23,59.119331710723905
2022-08-24,59.61652451354734
2022-08-25,60.704133769723605
2022-08-26,58.47453479456227
2022-08-29,59.080488523003325
2022-08-30,58.365773868944636
2022-08-31,57.052874123989014
2022-09-01,56.773203172400834
2022-09-02,56.26824173203329
2022-09-06,56.058488518342145
2022-09-07,57.16163504960664
2022-09-08,57.30923916294484
2022-09-09,57.518992376635985
2022-09-12,58.51337798228285
2022-09-13,55.03302836251882
2022-09-14,54.40376872144541
2022-09-15,53.53368131650439
2022-09-16,51.575984655387124
2022-09-19,52.088714733298794
2022-09-20,51.73135740626945
2022-09-21,50.66705406272553
2022-09-22,50.775814988343164
2022-09-23,50.146555347269754
2022-09-26,49.991182596387425
2022-09-27,50.08440624691683
2022-09-28,50.0766376093727
2022-09-29,48.73266331424061
2022-09-30,48.09563503562309
2022-10-03,49.40853478057872
2022-10-04,52.46937797296049
2022-10-05,52.39169159751932
2022-10-06,51.44391781713715
2022-10-07,50.15432398481387
2022-10-10,50.480606761666756
2022-10-11,49.71928028234337
2022-10-12,50.29415946060796
2022-10-13,52.78012347472513
2022-10-14,52.492683885592825
2022-10-17,53.31615946526914
2022-10-18,54.92426743690119
2022-10-19,54.79220059865121
2022-10-20,54.357156896180705
2022-10-21,56.57121859625381
2022-10-24,56.99072502363608
2022-10-25,56.7110540720479
2022-10-26,58.62213890790047
2022-10-27,59.041645335282745
2022-10-28,60.85173788306181
2022-10-31,60.44776873076777
2022-11-01,60.75851423253241
2022-11-02,60.129254591459016
2022-11-03,60.89058107078239
2022-11-04,62.98034457014963
2022-11-07,64.8370489431934
2022-11-08,65.25655537057567
2022-11-09,64.5962211793258
2022-11-10,66.3286273516637
2022-11-11,67.0511106432665
2022-11-14,66.67821604114893
2022-11-15,67.69590755942814
2022-11-16,65.95573274954613
2022-11-17,66.33639598920782
2022-11-18,66.40631372710486
2022-11-21,66.72482786641362
2022-11-22,67.820205760134
2022-11-23,68.26301810014863
2022-11-25,68.47277131383976
2022-11-28,66.39854508956074
2022-11-29,66.54614920289895
2022-11-30,66.78697696676655
2022-12-01,66.2354037011343
2022-12-02,67.49392298328112
2022-12-05,65.76928544848734
2022-12-06,66.25094097622254
2022-12-07,66.03341912498729
2022-12-08,64.96911578144336
2022-12-09,63.275552796826055
2022-12-12,64.64283300459049
2022-12-13,64.38646796563465
2022-12-14,63.29109007191428
2022-12-15,61.22463248517939
2022-12-16,60.32347053006192
2022-12-19,60.64198466937068
2022-12-20,62.40546539188504
2022-12-21,64.46415434107583
2022-12-22,63.524149198237765
2022-12-23,63.53968647332601
2022-12-27,64.3553934154582
2022-12-28,63.67952194912009
2022-12-29,65.06233943197276
2022-12-30,65.09341398214923
2023-01-03,66.01788184989906
2023-01-04,70.2
2023-01-05,71.29
2023-01-06,71.94
2023-01-09,72.67
2023-01-10,75.27
2023-01-11,77.69
2023-01-12,78.86
2023-01-13,80.2
2023-01-17,80.49
2023-01-18,79.27
2023-01-19,76.86
2023-01-20,77.68
2023-01-23,79.77
2023-01-24,80.7
2023-01-25,80.79
2023-01-26,81.14
2023-01-27,83.23
2023-01-30,80.83
2023-01-31,80.48
2023-02-01,82.32
2023-02-02,83.94
2023-02-03,81.96
2023-02-06,82.35
2023-02-07,82.11
2023-02-08,81.96
2023-02-09,80.79
2023-02-10,81.29
2023-02-13,82.68
2023-02-14,83.54
2023-02-15,84.77
2023-02-16,84.05
2023-02-17,83.04
2023-02-21,82.26
2023-02-22,83.19
2023-02-23,82.94
2023-02-24,83.55
2023-02-27,83.84
2023-02-28,84.71
2023-03-01,84.14
2023-03-02,85.72
2023-03-03,86.38
2023-03-06,87.06
2023-03-07,86.39
2023-03-08,86.98
2023-03-09,91.56
2023-03-10,91.0
2023-03-13,88.97
2023-03-14,91.17
2023-03-15,89.76
2023-03-16,91.97
2023-03-17,90.29
2023-03-20,89.92
2023-03-21,92.18
2023-03-22,89.59
2023-03-23,91.59
2023-03-24,91.37
2023-03-27,93.31
2023-03-28,93.14
2023-03-29,94.06
2023-03-30,94.05
2023-03-31,95.6
2023-04-03,96.92
2023-04-04,95.05
2023-04-05,94.25
2023-04-06,93.6
2023-04-10,94.36
2023-04-11,93.91
2023-04-12,94.1
2023-04-13,94.3
2023-04-14,95.44
2023-04-17,96.77
2023-04-18,98.47
2023-04-19,99.03
2023-04-20,99.76
2023-04-21,99.51
2023-04-24,100.15
2023-04-25,98.44
2023-04-26,96.21
2023-04-27,98.06
2023-04-28,98.97
2023-05-01,101.18
2023-05-02,101.51
2023-05-03,101.77
2023-05-04,99.32
2023-05-05,100.24
2023-05-08,100.92
2023-05-09,101.0
2023-05-10,99.54
2023-05-11,99.51
2023-05-12,98.8
2023-05-15,102.0
2023-05-16,101.13
2023-05-17,103.47
2023-05-18,104.01
2023-05-19,104.26
2023-05-22,104.55
2023-05-23,101.7
2023-05-24,100.98
2023-05-25,101.52
2023-05-26,102.74
2023-05-30,102.4
2023-05-31,101.53
2023-06-01,104.67
2023-06-02,105.8
2023-06-05,104.1
2023-06-06,105.46
2023-06-07,106.08
2023-06-08,106.07
2023-06-09,106.3
2023-06-12,106.23
2023-06-13,106.74
2023-06-14,104.7
2023-06-15,105.41
2023-06-16,106.29
2023-06-20,104.02
2023-06-21,105.05
2023-06-22,104.82
2023-06-23,103.78
2023-06-26,104.45
2023-06-27,104.92
2023-06-28,107.05
2023-06-29,107.74
2023-06-30,109.85
2023-07-03,108.28
2023-07-05,108.65
2023-07-06,107.37
2023-07-07,108.27
2023-07-10,110.53
2023-07-11,111.22
2023-07-12,111.2
2023-07-13,111.28
2023-07-14,110.28
2023-07-17,111.14
2023-07-18,111.06
2023-07-19,109.89
2023-07-20,111.24
2023-07-21,110.33
2023-07-24,110.25
2023-07-25,117.16
2023-07-26,114.72
2023-07-27,115.42
2023-07-28,114.39
2023-07-31,114.24
2023-08-01,113.22
2023-08-02,111.97
2023-08-03,112.36
2023-08-04,113.06
2023-08-07,114.73
2023-08-08,113.55
2023-08-09,112.17
2023-08-10,113.57
2023-08-11,114.6
2023-08-14,115.55
2023-08-15,113.85
2023-08-16,113.57
2023-08-17,110.96
2023-08-18,111.79
2023-08-21,112.02
2023-08-22,111.66
2023-08-23,113.47
2023-08-24,111.04
2023-08-25,111.97
2023-08-28,113.96
2023-08-29,115.33
2023-08-30,114.31
2023-08-31,114.46
2023-09-01,114.24
2023-09-05,112.88
2023-09-06,112.68
2023-09-07,111.79
2023-09-08,111.72
2023-09-11,114.26
2023-09-12,115.0
2023-09-13,113.6
2023-09-14,115.65
2023-09-15,115.49
2023-09-18,116.57
2023-09-19,116.21
2023-09-20,114.85
2023-09-21,112.99
2023-09-22,111.25
2023-09-25,111.72
2023-09-26,109.93
2023-09-27,110.89
2023-09-28,112.34
2023-09-29,110.55
2023-10-02,108.79
2023-10-03,107.76
2023-10-04,108.85
2023-10-05,108.72
2023-10-06,111.47
2023-10-09,110.26
2023-10-10,111.48
2023-10-11,113.26
2023-10-12,111.33
2023-10-13,109.38
2023-10-16,109.14
2023-10-17,110.02
2023-10-18,107.57
2023-10-19,106.95
2023-10-20,106.08
2023-10-23,106.69
2023-10-24,113.62
2023-10-25,111.2
2023-10-26,108.8
2023-10-27,106.35
2023-10-30,109.81
2023-10-31,108.63
2023-11-01,107.25
2023-11-02,107.78
2023-11-03,108.92
2023-11-06,111.78
2023-11-07,111.8
2023-11-08,113.85
2023-11-09,113.09
2023-11-10,115.27
2023-11-13,115.52
2023-11-14,117.25
2023-11-15,116.3
2023-11-16,118.94
2023-11-17,119.93
2023-11-20,120.07
2023-11-21,119.89
2023-11-22,119.6
2023-11-24,119.97
2023-11-27,119.97
2023-11-28,118.85
2023-11-29,118.86
2023-11-30,121.8
2023-12-01,122.5
2023-12-04,121.53
2023-12-05,120.23
2023-12-06,119.81
2023-12-07,119.48
2023-12-08,120.59
2023-12-11,120.28
2023-12-12,122.32
2023-12-13,121.18
2023-12-14,121.35
2023-12-15,123.23
2023-12-18,123.64
2023-12-19,125.94
2023-12-20,123.37
2023-12-21,126.97
2023-12-22,126.69
2023-12-26,127.47
2023-12-27,128.2
2023-12-28,128.32001
2023-12-29,127.63
